AAC,HEAR,El Arish,Egypt,
AAL,EKYT,Aalborg,Denmark,
AAQ,URKA,Anapa,Russia,Vitiazevo
AAR,EKAH,Aarhus,Denmark,
ABE,KABE,Allentown/Bethlehem PA,USA,Lehigh Valley Intl.
ABI,KABI,Abilene TX,USA,Regional
ABJ,DIAP,Abidjan,Cote d’Ivoire,Port Bouet/Felix Houphouet Boigny Intl.
ABQ,KABQ,Albuquerque NM,USA,Intl. Sunport
ABV,DNAA,Abuja,Nigeria,Nnamdi Azikiwe Intl.
ABZ,EGPD,Aberdeen SCT,United Kingdom,Dyce
ACA,MMAA,Acapulco GRO,Mexico,Gen. Juan N. Alvarez Intl.
ACC,DGAA,Accra,Ghana,Kotoka Intl.
ACE,GCRR,Lanzarote,Spain,Arrecife
ACH,LSZR,Altenrhein/St. Gallen/Rheineck,Switzerland,
ACK,KACK,Nantucket MA,USA,Memorial
ACY,KACY,Atlantic City NJ,USA,Intl.
ADA,LTAF,Adana,Turkey,Sakirpasa
ADB,LTBJ,Izmir,Turkey,Adnan Menderes
ADD,HAAB,Addis Ababa,Ethiopia,Bole
ADE,ODAA,Aden,Yemen,Intl./Khormaksar
ADL,YPAD,Adelaide SA,Australia,Intl.
ADZ,SKSP,San Andres,Colombia,Gustavo Rojas Pinilla Intl./Sesquicentenario
AEP,SABE,Buenos Aires,Argentina,Aeroparque Jorge Newberry
AGA,GMAD,Agadir,Morocco,Al Massira
AGB,EDMA,Augsburg,Germany,
AGP,LEMG,Malaga,Spain,Pablo Ruiz Picasso
AGS,KAGS,Augusta GA,USA,Bush Field
AGU,MMAS,Aguascalientes AGU,Mexico,Lic. Jesus Teran Peredo Intl.
AGX,VOAT,Agatti LD,India,
AJA,LFKJ,Ajaccio,France,Campo dell’Oro
AJU,SBAR,Aracaju SE,Brazil,Santa Maria
AKJ,RJEC,Asahikawa HK,Japan,
AKL,NZAA,Auckland,New Zealand,Auckland/Intl.
ALA,UAAA,Almaty {Alma-Ata},Kazakhstan,
ALB,KALB,Albany NY,USA,Albany County
ALC,LEAL,Alicante,Spain,El Altet
ALG,DAAG,Algiers {Alger},Algeria,Houari Boumedienne
ALM,KALM,Alamogordo NM,USA,White Sands Regional
ALP,OSAP,Aleppo,Syrian Arab Rep.,
ALY,HEAX,Alexandria,Egypt,Intl. – Closed
AMA,KAMA,Amarillo TX,USA,Rick Husband Intl.
AMD,VAAH,Ahmedabad GJ,India,Sardar Vallabhbhai Patel Intl.
AMM,OJAI,Amman,Jordan,Queen Alia Intl.
AMS,EHAM,Amsterdam,Netherlands,Schiphol
AMZ,NZAR,Auckland,New Zealand,Ardmore
ANC,PANC,Anchorage AK,USA,Ted Stevens Intl.
ANF,SCFA,Antofagasta,Chile,Cerro Moreno Intl.
ANR,EBAW,Antwerp,Belgium,Intl./Deurne
ANU,TAPA,St. John’s,Antigua and Barbuda,V.C. Bird Intl.
AOK,LGKP,Karpahos,Greece,
APW,NSAP,Apia,Samoa,Faleolo Intl.
AQJ,OJAQ,Aqaba,Jordan,King Hussein Intl.
AQP,SPQU,Arequipa,Peru,Alfredo Rodriguez Ballon Intl.
ARH,ULAA,Arkhangelsk,Russia,Talagi
ARN,ESSA,Stockholm,Sweden,Arlanda
ASB,UTAA,Ashgabat {Ashkhabad},Turkmenistan,Intl./Saparmurat Turkmenbashy Intl.
ASE,KASE,Aspen CO,USA,Sardy Field
ASM,HHAS,Asmara {Asmera},Eritrea,Intl./Yohannes IV
ASU,SGAS,Asuncion,Paraguay,Silvio Pettirossi/Presidente Stroessner
ATH,LGAV,Athens,Greece,Eleftherios Venizelos Intl.
ATL,KATL,Atlanta GA,USA,Hartsfield-Jackson Intl.
ATQ,VIAR,Amritsar PB,India,Sri Guru Ram Dass Jee Intl./Raja Sansi
AUA,TNCA,Oranjestad,Aruba,Queen Beatrix Intl.
AUG,KAUG,Augusta ME,USA,Augusta State
AUH,OMAA,Abu Dhabi,United Arab Emirates,Intl.
AUS,KAUS,Austin TX,USA,Bergstrom Intl.
AVI,MUCA,Ciego De Avila,Cuba,Maximo Gomez Intl.
AVL,KAVL,Asheville NC,USA,Regional
AVP,KAVP,Wilkes-Barre/Scranton PA,USA,Intl.
AVV,YMAV,Geelong/Melbourne VIC,Australia,Avalon
AXA,TQPF,The Valley,Anguilla,Wallblake
AXM,SKAR,Armenia,Colombia,El Eden Intl.
AXT,RJSK,Akita TK,Japan,
AYT,LTAI,Antalya,Turkey,Intl.
AZO,KAZO,Kalamazoo MI,USA,Kalamazoo/Battle Creek Intl.
AZS,MDCY,Samana,Dominican Rep.,El Catey Intl.
BAH,OBBI,Bahrain,Bahrain,Intl./Muharraq
BAQ,SKBQ,Barranquilla,Colombia,Ernesto Cortissoz Intl.
BBI,VEBS,Bhubaneswar OR,India,Biju Patnaik
BBU,LRBS,Bucharest,Romania,Aurel Vlaicu Intl./Baneasa
BCN,LEBL,Barcelona,Spain,El Prat
BDA,TXKF,Hamilton,Bermuda,L.F. Wade Intl./Kindley Field
BDL,KBDL,Windsor Locks/Hartford CT,USA,Bradley Intl.
BDS,LIBB,Brindisi,Italy,Papola Casale
BEG,LYBE,Belgrade,Serbia,Nikola Tesla
BEL,SBBE,Belem PA,Brazil,Val de Caes Intl.
BEN,HLLB,Benghazi,Libya,Benina Intl.
BER,****,Berlin,Germany,All Airports
BES,LFRB,Brest,France,Bretagne/Guipavas
BEW,FQBR,Beira,Mozambique,
BEY,OLBA,Beirut {Beyrouth},Lebanon,Rafic Hariri Intl.
BFS,EGAA,Belfast NIR,United Kingdom,Intl./Aldergrove
BGA,SKBG,Bucaramanga,Colombia,Palonegro Intl.
BGF,FEFF,Bangui,Central African Rep.,M’Poko
BGI,TBPB,Bridgetown,Barbados,Grantley Adams Intl.
BGO,ENBR,Bergen,Norway,Flesland
BGR,KBGR,Bangor ME,USA,Intl.
BGW,ORBI,Baghdad,Iraq,Intl./Saddam Intl.
BGY,LIME,Bergamo/Milan {Milano},Italy,Orio al Serio
BHD,EGAC,Belfast NIR,United Kingdom,George Best Belfast City Airport
BHM,KBHM,Birmingham AL,USA,Shuttlesworth Intl.
BHO,VABP,Bhopal MP,India,Raja Bhoj
BHX,EGBB,Birmingham ENG,United Kingdom,Intl./Elmdon
BHZ,****,Belo Horizonte MG,Brazil,All Airports
BIL,KBIL,Billings MT,USA,Logan Intl.
BIO,LEBB,Bilbao,Spain,
BIS,KBIS,Bismarck ND,USA,Municipal
BJL,GBYD,Banjul,Gambia,Intl./Yundum Intl.
BJM,HBBA,Bujumbura,Burundi,Intl.
BJS,****,Beijing,China,All Airports
BJV,LTFE,Milas/Bodrum,Turkey,
BJX,MMLO,Leon GUA,Mexico,Guanajuato Intl./Del Bajio Intl.
BKI,WBKK,Kota Kinabalu,Malaysia,Intl.
BKK,VTBS,Bangkok,Thailand,Suvarnabhumi/New Bangkok Intl.
BKO,GABS,Bamako,Mali,Senou Intl.
BLA,SVBC,Barcelona,Venezuela,Gen. Jose Antonio Azoategui Intl.
BLK,EGNH,Blackpool ENG,United Kingdom,Intl.
BLL,EKBI,Billund,Denmark,
BLQ,LIPE,Bologna,Italy,Borgo Panigale/Giugliemo Marconi
BLR,VOBL,Bangalore KA,India,Bengaluru Intl.
BLV,KBLV,Belleville/Mascoutah IL,USA,Mid-America St. Louis
BLZ,FWCL,Blantyre,Malawi,Chileka Intl.
BMA,ESSB,Stockholm,Sweden,Bromma
BNA,KBNA,Nashville TN,USA,Intl
BND,OIKB,Bandar Abbas,Iran,Intl.
BNE,YBBN,Brisbane QLD,Australia,
BOD,LFBD,Bordeaux,France,Merignac
BOG,SKBO,Santa Fe de Bogota,Colombia,El Dorado Intl.
BOH,EGHH,Bournemouth ENG,United Kingdom,Bournemouth/Hurn
BOI,KBOI,Boise ID,USA,Boise Air Terminal/Gowen Field
BOJ,LBBG,Burgas {Bourgas},Bulgaria,
BOM,VABB,Mumbai {Bombay} MH,India,Chhatrapati Shivaji Intl./Sahar/Santacruz
BON,TNCB,Kralendijk,Bonaire,Flamingo Intl.
BOO,ENBO,Bodo,Norway,
BOS,KBOS,Boston MA,USA,Gen. Edward L. Logan Intl.
BRE,EDDW,Bremen,Germany,Bremen/Neuenland
BRI,LIBD,Bari,Italy,Karol Wojtyla/Palese
BRN,LSZB,Bern,Switzerland,Belp
BRO,KBRO,Brownsville/South Padre Island TX,USA,Intl.
BRS,EGGD,Bristol ENG,United Kingdom,Intl./Lulsgate
BRU,EBBR,Brussels {Bruxelles},Belgium,National/Zaventem
BSB,SBBR,Brasilia DF,Brazil,Presidente Juscelino Kubitschek Intl.
BSL,LFSB,Basel/Mulhouse/Freiburg,France/Switzerland,EuroAirport – Swiss Code
BTL,KBTL,Battle Creek MI,USA,W.K. Kellogg
BTM,KBTM,Butte MT,USA,Bert Mooney
BTR,KBTR,Baton Rouge LA,USA,Metropolitan/Ryan Field
BTS,LZIB,Bratislava,Slovakia,M.R. Stefanik/Ivanka
BTV,KBVT,Burlington VT,USA,Intl.
BUD,LHBP,Budapest,Hungary,Ferenc Liszt Intl./Ferihegy
BUE,****,Buenos Aires,Argentina,All Airports
BUF,KBUF,Buffalo NY,USA,Buffalo Niagara Intl.
BUH,****,Bucharest,Romania,All Airports
BUQ,FVBU,Bulawayo,Zimbabwe,Joshua Nqabuko Nkomo Intl.
BUR,KBUR,Burbank CA,USA,Burbank/Glendale/Pasadena
BVA,LFOB,Beauvais,France,Tille
BVB,SBBV,Boa Vista RR,Brazil,Intl.
BWI,KBWI,Baltimore MD,USA,Baltimore/Washington Intl. Thurgood Marshall
BWN,WBSB,Bandar Seri Begawan,Brunei Darussalam,Brunei Intl.
BWU,YSBK,Sydney NSW,Australia,Bankstown
BZE,MZBZ,Belize,Belize,Philip S.W. Goldson Intl.
BZV,FCBB,Brazzaville,Congo,Maya-Maya
CAE,KCAE,Columbia SC,USA,Metropolitan
CAG,LIEE,Cagliari,Italy,Elmas
CAI,HECA,Cairo,Egypt,Intl.
CAK,KCAK,Akron/Canton OH,USA,Regional
CAN,ZGGG,Guangzhou {Canton},China,Baiyun
CAY,SOCA,Cayenne,French Guiana,Rochambeau
CBQ,DNCA,Calabar,Nigeria,
CBR,YSCB,Canberra ACT,Australia,Intl.
CCJ,VOCL,Kozhikode {Calicut} KL,India,Intl./Karipur
CCK,YPCC,West Island,Cocos-Keeling Islands,Cocos Keeling Islands Airport
CCP,SCIE,Concepcion,Chile,Carriel Sur Intl.
CCS,SVMI,Maiquetia/Caracas,Venezuela,Simon Bolivar Intl.
CCU,VECC,Kolkata {Calcutta} WB,India,Netaji Subhas Chandra Bose Intl./Dum Dum
CDG,LFPG,Paris,France,Roissy Charles de Gaulle
CEB,RPVM,Lapu-Lapu/Cebu,Philippines,Mactan-Cebu Intl.
CEK,USCC,Chelyabinsk,Russia,Balandino
CER,LFRC,Cherbourg,France,Maupertus
CFG,MUCF,Cienfuegos,Cuba,Jaime Gonzalez
CFU,LGKR,Kerkyra {Corfu},Greece,Ioannis Kapodistrias
CGB,SBCY,Cuiaba MT,Brazil,Marechal Rondon Intl.
CGH,SBSP,Sao Paulo SP,Brazil,Congonhas
CGK,WIII,Jakarta,Indonesia,Soekarno-Hatta Intl.
CGN,EDDK,Cologne {Koeln}/Bonn,Germany,Konrad Adenauer
CGO,ZHCC,Zhengzhou {Chengchow},China,Xinzheng Intl.
CGP,VGEG,Chittagong,Bangladesh,Shah Amanat Intl./Patenga
CGQ,ZYCC,Changchun,China,Longjia Intl.
CGR,SBCG,Campo Grande MS,Brazil,Intl./Antonio Joao
CHA,KCHA,Chatanooga TN,USA,Lovell Field
CHC,NZCH,Christchurch,New Zealand,Intl.
CHI,****,Chicago IL,USA,All Airports
CHR,LFLX,Chateauroux,France,Marcel Dassault
CHS,KCHS,Charleston SC,USA,Intl.
CIA,LIRA,Rome {Roma},Italy,Ciampino G.B. Pastine Intl.
CID,KCID,Cedar Rapids IA,USA,Eastern Iowa
CJB,VOCB,Coimbatore TN,India,Coimbatore Intl./Peelamedu
CJC,SCCF,Calama,Chile,El Loa Intl.
CJJ,RKTU,Cheongju {Chongju},South Korea,
CJS,MMCS,Ciudad Juarez CHH,Mexico,Abrahan Gonzalez Intl.
CJU,RKPC,Jeju {Cheju},South Korea,Intl.
CKB,KCKB,Clarksburg WV,USA,North Central West Virginia/Benedum
CKG,ZUCK,Chongqing,China,Jiangbei Intl.
CKY,GUCY,Conakry,Guinea,Gbessia
CLE,KCLE,Cleveland OH,USA,Hopkins Intl.
CLJ,LRCL,Cluj-Napoca,Romania,Intl.
CLO,SKCL,Cali,Colombia,Alfonso Bonilla Aragon Intl.
CLT,KCLT,Charlotte NC,USA,Douglas Intl.
CMB,VCBI,Colombo,Sri Lanka,Bandaranaike Intl./Katunayake
CME,MMCE,Ciudad del Carmen CAM,Mexico,Intl.
CMH,KCMH,Columbus OH,USA,Port Columbus Intl.
CMN,GMMN,Casablanca,Morocco,Mohammed V Intl.
CMW,MUCM,Camaguey,Cuba,Ignacio Agramonte Intl.
CNF,SBCF,Confins/Belo Horizonte MG,Brazil,Tancredo Neves Intl.
CNS,YBCS,Cairns QLD,Australia,Intl.
CNX,VTCC,Chiang Mai,Thailand,
COK,VOCC,Nedumbassery/Kochi {Cochin} KL,India,Intl.
COO,DBBB,Cotonou,Benin,Cadjehoun
COR,SACO,Cordoba,Argentina,Ing. Aer. Ambrosio L.V. Taravella Intl.
COS,KCOS,Colorado Springs CO,USA,Colorado Springs/Peterson Field
CPE,MMCP,Campeche CAM,Mexico,Ing. Alberto Acuna Ongay Intl.
CPH,EKCH,Copenhagen,Denmark,Kastrup
CPR,KCPR,Casper WY,USA,Natrona County Intl.
CPT,FACT,Cape Town,South Africa,Intl./D.F. Malan
CRK,RPLC,Angeles City/Manila,Philippines,Clark Intl./Diosdado Macapagal Intl.
CRL,EBCI,Charleroi,Belgium,Brussels South Charleroi
CRP,KCRP,Corpus Christi TX,USA,Intl.
CRW,KCRW,Charleston WV,USA,Yeager
CSX,ZGHA,Changsha,China,Huanghua Intl.
CTA,LICC,Catania,Italy,Fontanarossa
CTG,SKCG,Cartagena,Colombia,Rafael Nunez Intl.
CTS,RJCC,Sapporo HK,Japan,New Chitose Intl.
CTU,ZUUU,Chengdu,China,Shuangliu Intl.
CUC,SKCC,Cucuta,Colombia,Camilo Daza Intl.
CUL,MMCL,Culiacan SIN,Mexico,Federal de Bachigualato Intl.
CUN,MMUN,Cancun ROO,Mexico,Intl.
CUR,TNCC,Willemstad,Curacao,Hato Intl./Albert Plesman
CUU,MMCU,Chihuahua CHH,Mexico,Gen. Roberto Fiero Villalobos Intl.
CUZ,SPZO,Cuzco,Peru,Alejandro Velasco Astete Intl.
CVG,KCVG,Cincinnati/Covington OH,USA,Cincinnati/Northern Kentucky Intl.
CVJ,MMCB,Cuernavaca MOR,Mexico,Gen. Mariano Matamoros
CVT,EGBE,Coventry/Baginton ENG,United Kingdom,Coventry Airport
CWB,SBCT,Curitiba PR,Brazil,Afonso Pena Intl.
CWL,EGFF,Cardiff WLS,United Kingdom,Intl.
CXI,PLCH,Christmas Island {Kiritimati},Kiribati,Cassidy Intl.
CYS,KCYS,Cheyenne WY,USA,Regional
CZL,DABC,Constantine,Algeria,Mohamed Boudiaf Intl./Ain El Bey
CZM,MMCZ,Cozumel ROO,Mexico,Intl.
DAB,KDAB,Daytona Beach FL,USA,Intl.
DAC,VGZR,Dhaka,Bangladesh,Shahjalal Intl./Zia Intl.
DAD,VVDN,Da Nang {Danang},Vietnam,Intl.
DAL,KDAL,Dallas TX,USA,Love Field
DAM,OSDI,Damascus,Syrian Arab Rep.,Intl.
DAR,HTDA,Dar-es-Salaam,Tanzania,Julius Nyerere Intl.
DAY,KDAY,Dayton OH,USA,James M. Cox
DBV,LDDU,Dubrovnik,Croatia,Cilipi
DCA,KDCA,Washington DC,USA,Ronald Reagan Washington National
DCF,TDCF,Roseau,Dominica,Canefield
DED,VIDN,Dehradun UL,India,Jolly Grant
DEL,VIDP,Delhi DL,India,Indira Gandhi Intl./Palam
DEN,KDEN,Denver CO,USA,Intl.
DET,KDET,Detroit MI,USA,Coleman A. Young Intl./Detroit City
DFW,KDFW,Dallas/Fort Worth TX,USA,Intl.
DGO,MMDO,Durango DUR,Mexico,Gen. Guadalupe Victoria Intl.
DIL,WPDL,Dili,Timor-Leste,Presidente Nicolau Lobato
DJE,DTTJ,Djerba,Tunisia,Zarzis/Melita
DKR,GOOY,Dakar,Senegal,Leopold Sedar Senghoff/Yoff
DLA,FKKD,Douala,Cameroon,
DLC,ZYTL,Dalian,China,Zoushuizi Intl.
DLH,KDLH,Duluth MN,USA,Intl.
DLM,LTBS,Dalaman,Turkey,Mugla
DME,UUDD,Moscow,Russia,Domodedovo Intl.
DMK,VTBD,Bangkok,Thailand,Don Mueang Intl.
DMM,OEDF,Dammam,Saudi Arabia,King Fahd Intl.
DMU,VEMR,Dimapur NL,India,
DNK,UKDD,Dnipropetrovsk,Ukraine,Intl.
DOH,OTBD,Doha,Qatar,Intl.
DOM,TDPD,Roseau,Dominica,Melvile Hall
DPS,WADD,Denpasar/Bali,Indonesia,Ngurah Rai
DRS,EDDC,Dresden,Germany,Dresden/Klotsche
DRW,YPDN,Darwin NT,Australia,Intl.
DSA,EGCN,Doncaster/Sheffield ENG,United Kingdom,Robin Hood
DSM,KDSM,Des Moines IA,USA,Intl.
DTM,EDLW,Dortmund,Germany,Dortmund/Wickede
DTT,****,Detroit MI,USA,All Airports
DTW,KDTW,Detroit MI,USA,Metropolitan/Wayne County
DUB,EIDW,Dublin,Ireland,
DUD,NZDN,Dunedin,New Zealand,Intl.
DUR,FALE,Durban,South Africa,King Shaka Intl.
DUS,EDDL,Dusseldorf {Duesseldorf},Germany,Intl./Rhein-Rhur
DVO,RPMD,Davao,Philippines,Francisco Bangoy Intl.
DWC,OMDW,Jebel Ali/Dubai,United Arab Emirates,Dubai World Central – Al Maktoum Intl.
DXB,OMDB,Dubai,United Arab Emirates,Intl.
DYU,UTDD,Dushanbe,Tajikistan,
DZA,FMCZ,Dzaoudzi,Mayotte,Pamandzi Intl.
EAP,LFSB,Basel/Mulhouse/Freiburg,France/Switzerland,All Airports
EAS,LESO,San Sebastian,Spain,Fuenterrabia
EBB,HUEN,Entebbe/Kampala,Uganda,Intl.
EBJ,EKEB,Esbjerg,Denmark,
EBL,ORER,Erbil,Iraq,Intl.
ECN,LCEN,Nicosia {Lefkosia},Northern Cyprus,Ercan Intl.
ECP,KECP,Panama City FL USA,USA,Northwest Florida Beaches Intl.
EDI,EGPH,Edinburgh SCT,United Kingdom,
EIN,EHEH,Eindhoven,Netherlands,Eindhoven/Welschap
EIS,TUPJ,Beef Island,Virgin Islands – UK,Terrance B. Lettsome Intl.
ELP,KELP,El Paso TX,USA,Intl.
EMA,EGNX,Derby/Leicester/Nottingham ENG,United Kingdom,East Midlands
ERF,EDDE,Erfurt,Germany,
ERI,KERI,Erie PA,USA,Intl./Tom Ridge Field
ERS,FYWE,Windhoek,Namibia,Eros
ESB,LTAC,Ankara,Turkey,Esenboga
ETH,LLET,Eilat {Elat},Israel,J. Hozman
EUG,KEUG,Eugene OR,USA,Mahlon Sweet Field
EUN,GMML,Laayoune {El Aaiun},Western Sahara,Hasan I
EVN,UDYZ,Yerevan,Armenia,Zvartnots Intl.
EVV,KEVV,Evansville IN,USA,Regional
EWR,KEWR,Newark/New York NJ,USA,Newark Liberty Intl.
EXT,EGTE,Exeter ENG,United Kingdom,
EYW,KEYW,Key West FL,USA,Intl.
EZE,SABA,Buenos Aires,Argentina,Ministro Pistarini Intl./Ezeiza
FAB,EGLF,Farnborough ENG,United Kingdom,
FAE,EKVG,Sorvagur,Faroe Islands,Vagar
FAI,PAFA,Fairbanks AK,USA,Intl.
FAO,LPFR,Faro,Portugal,
FAR,KFAR,Fargo ND,USA,Hector Intl.
FAT,KFAT,Fresno CA,USA,Yosemite Intl./Fresno Air Terminal
FAY,KFAY,Fayetteville NC,USA,Regional/Grammis Field
FCO,LIRF,Rome {Roma},Italy,Fiumicino – Leonardo da Vinci
FDF,TFFF,Fort de France,Martinique,Aime Cesaire Intl./Le Lamentin
FIH,FZAA,Kinshasa,Dem. Rep. of the Congo,N’Djili
FLG,KFLG,Flagstaff AZ,USA,Pulliam
FLL,KFLL,Fort Lauderdale/Hollywood FL,USA,Intl.
FLN,SBFL,Florianopolis SC,Brazil,Hercilio Luz
FLR,LIRQ,Florence {Firenze},Italy,Peterola/Amerigo Vespucci
FMO,EDDG,Munster/Osnabruck {Muenster/Osnabrueck},Germany,Intl./Greven
FMY,KFMY,Fort Myers FL,USA,Page Field
FNA,GFLL,Freetown,Sierra Leone,Lungi Intl.
FNC,LPMA,Funchal,Portugal,Madeira/Santa Catarina
FNJ,ZKPY,Pyongyang,North Korea,Sunan
FNT,KFNT,Flint MI,USA,Bishop Intl.
FOC,ZSFZ,Fuzhou,China,Changle Intl.
FOR,SBFZ,Fortaleza CE,Brazil,Pinto Martins Intl.
FPO,MYGF,Freeport,Bahamas,Grand Bahama Intl.
FRA,EDDF,Frankfurt-am-Main,Germany,Intl./Rhein Main
FRU,UAFM,Bishkek,Kyrgyzstan,Manas Intl.
FSD,KFSD,Sioux Falls SC,USA,Joe Foss Field
FSP,LFVP,St. Pierre,St. Pierre and Miquelon,
FUE,GCFV,Fuerteventura,Spain,El Matorral/Puerto del Rosario
FUK,RJFF,Fukuoka KYS,Japan,Fukuoka/Itazuke
FUN,NGFU,Funafuti,Tuvalu,Intl.
FWA,KFWA,Fort Wayne IN,USA,Intl.
FYV,KFYV,Fayetteville AZ,USA,Drake Field
GAJ,RJSC,Yamagata TK,Japan,
GAU,VEGT,Guwahati AS,India,Lokpriya Gopinath Bordoloi Intl./Borjhar
GAY,VEGY,Gaya BR,India,Gaya Airport/Bodhgaya
GBE,FBSK,Gaborone,Botswana,Sir Seretse Khama Intl.
GCI,EGJB,Guernsey,Guernsey,
GCM,MWCR,Grand Cayman,Cayman Islands,Owen Roberts Intl.
GDL,MMGL,Guadalajara JAL,Mexico,Don Miguel Idalgo y Costilla Intl.
GDN,EPGD,Gdansk,Poland,Lech Walesa/Rebiechowo
GDT,MBGT,Grand Turk,Turks and Caicos Islands,JAGS McCartney Intl.
GEG,KGEG,Spokane WA,USA,Intl.
GEO,SYGJ,Georgetown,Guyana,Cheddi Jagan Intl./Timehri
GES,RPMR,General Santos,Philippines,Intl./Tambler
GGT,MYEG,Georgetown,Bahamas,Exuma Island
GIB,LXGB,Gibraltar,Gibraltar,North Front
GIG,SBGL,Rio de Janeiro RJ,Brazil,Galeao-Antonio Carlos Jobim Intl.
GJT,KGJT,Grand Junction CO,USA,Walker Field
GLA,EGPF,Glasgow SCT,United Kingdom,Intl./Abbotsinch
GMP,RKSS,Seoul,South Korea,Gimpo/Kimpo Airport
GND,TGPY,St. George’s,Grenada,Maurice Bishop Intl./Point Salines Intl.
GOA,LIMJ,Genova {Genoa},Italy,Cristoforo Colombo
GOH,BGGH,Nuuk {Godthaab},Greenland,
GOI,VOGO,Vasco da Gama/Goa GA,India,Goa Intl./Dabolim
GOT,ESGG,Gothenburg {Goeteborg},Sweden,Landvetter
GPS,SEGS,Baltra/Galapagos Islands,Ecuador,Seymour
GPT,KGPT,Gulfport MS,USA,Gulfport-Biloxi Intl.
GRB,KGRB,Green Bay WI,USA,Austin Straubel Intl.
GRK,KGRK,Killeen TX,USA,Killeen-Fort Hood Regional
GRO,LEGE,Girona {Gerona},Spain,Costa Brava
GRR,KGRR,Grand Rapids MI,USA,Gerald R. Ford Intl./Kent County
GRU,SBGR,Guarulhos/Sao Paulo SP,Brazil,Gov. Andre Franco Monto Intl.
GRX,LEGR,Granada,Spain,Federico Garcia Lorca – Jaen
GRZ,LOWG,Graz,Austria,Thalerhof
GSE,ESGP,Gothenburg {Goeteborg},Sweden,City/Saave Flygplats
GSO,KGSO,Greensboro NC,USA,Piedmont Triad Intl.
GSP,KGSP,Greer SC,USA,Greenville-Spartanburg
GUA,MGGT,Guatemala City,Guatemala,La Aurora Intl.
GUM,PGUM,Hagatna {Agana},Guam,Antonio B. Won Pat Intl.
GVA,LSGG,Geneva {Geneve},Switzerland,Cointrin
GYD,UBBB,Baku,Azerbaijan,Heydar Aliyev Intl. {Geydar Aliyev}/Bina
GYE,SEGU,Guayaquil,Ecuador,Jose Joaquin de Olmedo Intl./Simon Bolivar Intl.
GYN,SBGO,Goiania GO,Brazil,Santa Genoveva
GYY,KGYY,Gary IN,USA,Gary/Chicago Intl.
GZA,LVGZ,Gaza City,Palestinian Territory,Yasser Arafat Intl./Dahaniya – Closed
HAH,FMCH,Moroni,Comoros,Prince Said Ibrahim Intl.
HAJ,EDDV,Hanover {Hannover},Germany,Hannover-Langenhagen
HAK,ZJHK,Haikou,China,Meilan Intl.
HAM,EDDH,Hamburg,Germany,Fuhlsbuttel {Fuhlsbuettel}
HAN,VVNB,Hanoi,Vietnam,Noi Bai Intl.
HAV,MUHA,Havana {La Habana},Cuba,Jose Marti Intl.
HBA,YMHB,Hobart TAS,Australia,Intl.
HBE,HEBA,Alexandria,Egypt,Borg El Arab
HEL,EFHK,Helsinki,Finland,Vantaa
HER,LGIR,Heraklion,Greece,Nikos Kazantzakis
HFA,LLHA,Haifa,Israel,Uri Michaeli
HFD,KHFD,Hartford CT,USA,Brainard
HGH,ZSHC,Hangzhou,China,Xiaoshan
HHN,EDFH,Frankfurt-am-Main,Germany,Hahn
HIJ,RJOA,Hiroshima CK,Japan,
HIR,AGGH,Honiara,Solomon Islands,Intl./Henderson
HKD,RJCH,Hakodate HK,Japan,
HKG,VHHH,Hong Kong,Hong Kong,Chek Lap Kok Intl.
HKT,VTSP,Phuket,Thailand,Intl.
HLA,FALA,Johannesburg,South Africa,Lanseria
HLP,WIHH,Jakarta,Indonesia,Halim Perdanakusuma
HLZ,NZHN,Hamilton,New Zealand,
HMO,MMHO,Hermosillo SON,Mexico,Gen. Ignacio Pesqueira Garcia Intl.
HND,RJTT,Tokyo KT,Japan,Haneda Intl.
HNL,PHNL,Honolulu {Oahu} HI,USA,
HOG,MUHG,Holguin,Cuba,Frank Pais Intl.
HOU,KHOU,Houston TX,USA,William P. Hobby
HPN,KHPN,White Plains NY,USA,Westchester County
HRB,ZYHB,Harbin,China,Taiping Intl.
HRE,FVHA,Harare,Zimbabwe,Intl.
HRG,HEGN,Hurghada,Egypt,Intl.
HRL,KHRL,Harlingen TX,USA,Valley Intl.
HSV,KHSV,Huntsville AL,USA,Intl./Carl T. Jones Field
HUX,MMBT,Bahias de Huatulco OAX,Mexico,Intl.
HUY,EGNJ,Humberside ENG,United Kingdom,
HYA,KHYA,Hyannis MA,USA,Barnstable Municipal/Polando Field
HYD,VOHS,Hyderabad AP,India,Rajiv Gandhi Intl.
IAD,KIAD,Washington DC,USA,Dulles Intl.
IAH,KIAH,Houston TX,USA,George Bush Intercontinental
IBZ,LEIB,Ibiza,Spain,
ICN,RKSI,Seoul,South Korea,Incheon Intl./Inchon
ICT,KICT,Wichita KS,USA,Mid-Continent
IDR,VAID,Indore MP,India,Devi Ahilyabi Holkar Intl.
IFN,OIFN,Isfahan,Iran,Shahid Beheshti Intl.
IGU,SBFI,Foz do Iguacu {Iguazu Falls} PR,Brazil,Cataratas Intl.
IKA,OIIE,Tehran,Iran,Imam Khomeini Intl.
IKT,UIII,Irkutsk,Russia,
IMF,VEIM,Imphal MN,India,
IND,KIND,Indianapolis IN,USA,Intl.
INN,LOWI,Innsbruck,Austria,Kranebitten
INT,KINT,Winston/Salem NC,USA,Smith Reynolds
INU,ANYN,Yaren,Nauru,Nauru Intl.
INV,EGPE,Inverness SCT,United Kingdom,Dalcross
IOM,EGNS,Ronaldsway,Isle of Man,Isle of Man Airport
IPC,SCIP,Hanga Roa/Easter Island {Isla de Pascua},Chile,Mataveri
IQT,SPQT,Iquitos,Peru,Coronel Francisco Secada Vignetta Intl.
ISB,OPRN,Islamabad/Rawalpindi,Pakistan,Benazir Bhutto Intl.
ISC,EGHE,St. Mary’s/Isles of Scilly ENG,United Kingdom,
ISP,KISP,Islip NY,USA,Long Island-MacArthur
IST,LTBA,Istanbul,Turkey,Ataturk Intl./Yesilkoy
ITM,RJOO,Osaka KS,Japan,Itami Intl.
ITO,PHTO,Hilo {Big Island} HI,USA,Intl./Gen Lyman Field
IUE,NIUE,Alofi,Niue,Hanan
IVL,EFIV,Ivalo,Finland,
IXA,VEAT,Agartala TR,India,Singerbhil
IXC,VICG,Chandigarh CH,India,
IXE,VOML,Mangalore KA,India,Intl./Bajpe
IXJ,VIJU,Jammu JK,India,
IXR,VERC,Ranchi JH,India,Birsa Munda
IXZ,VOPB,Port Blair AN,India,Veer Savarkar Intl.
IZM,****,Izmir,Turkey,All Airports
JAC,KJAC,Jackson Hole WY,USA,
JAI,VIJP,Jaipur RJ,India,Sanganer
JAN,KJAN,Jackson MS,USA,Jackson-Evers Intl.
JAX,KJAX,Jacksonville FL,USA,Intl.
JED,OEJN,Jeddah,Saudi Arabia,King Abdulaziz Intl.
JER,EGJJ,Jersey,Jersey,States
JFK,KJFK,New York NY,USA,John F. Kennedy
JIB,HDAM,Djibouti,Djibouti,Ambouli
JKT,****,Jakarta,Indonesia,All Airports
JNB,FAOR,Johannesburg,South Africa,O.R. Tambo Intl./Jan Smuts
JNU,PAJN,Juneau AK,USA,
JPA,SBJP,Joao Pessoa PB,Brazil,Presidente Castro Pinto Intl.
JRO,HTKJ,Arusha/Moshi,Tanzania,Kilimanjaro Intl.
JUB,HSSJ,Juba,South Sudan,
JUL,SPJL,Juliaca/Puno,Peru,Inca Manco Capac
JYV,EFJY,Jyvaskyla,Finland,Tikkakoski/Luonetjarvi
KAN,DNKN,Kano,Nigeria,Mallam Aminu Intl.
KBL,OAKB,Kabul,Afghanistan,Intl.
KBP,UKBB,Kyiv {Kiev},Ukraine,Boryspil {Borispol} Intl.
KCH,WBGG,Kuching/Sarawak,Malaysia,Intl.
KCZ,RJOK,Kochi SK,Japan,Kochi Ryoma
KDH,OAKN,Kandahar,Afghanistan,Intl.
KEF,BIKF,Keflavik/Reykjavik,Iceland,Keflavik Intl.
KGD,UMKK,Kaliningrad,Russia,Khrabrovo
KGL,HRYR,Kigali,Rwanda,Intl./Gregoire Kayibanda
KGS,LGKO,Kos,Greece,
KHH,RCKH,Kaohsiung,Taiwan,Siaogang Intl.
KHI,OPKC,Karachi,Pakistan,Jinnah Intl./Quaid-e-Azam Intl.
KHN,ZSCN,Nanchang,China,Changbei Intl.
KHV,UHHH,Khabarovsk,Russia,Novy
KIJ,RJSN,Niigata CHB,Japan,
KIN,MKJP,Kingston,Jamaica,Norman Manley Intl.
KIV,LUKK,Chisinau,Moldova,Intl.
KIX,RJBB,Osaka KS,Japan,Kansai Intl.
KKJ,RJFR,Kitakyushu KYS,Japan,Kitakyushu/New Kitakyushu Airport
KLO,RPVK,Kalibo,Philippines,
KLU,LOWK,Klagenfurt,Austria,Woerthersee
KMG,ZPPP,Kunming,China,Changshui Intl.
KMI,RJFM,Miyazaki KYS,Japan,
KMJ,RJFT,Kumamoto KYS,Japan,
KOA,PHKO,Kailua/Kona {Keahole} HI,USA,
KOJ,RJFK,Kagoshima KYS,Japan,
KRK,EPKK,Krakow,Poland,John Paul II Intl./Balice
KRS,ENCN,Kristiansand,Norway,Kjevik
KRT,HSSS,Khartoum,Sudan,Intl.
KSA,PTSA,Kosrae Island,Fed. States of Micronesia,
KTM,VNKT,Kathmandu,Nepal,Tribhuvan Intl.
KTW,EPKT,Katowice,Poland,Intl.
KUF,UWWW,Samara,Russia,Kurumoch Intl.
KUH,RJCK,Kushiro HK,Japan,
KUL,WMKK,Kuala Lumpur,Malaysia,Sepang Intl.
KWA,PKWA,Kwajalein,Marshall Islands,Bucholz Army Airfield
KWE,ZUGY,Guiyang,China,Longdongbao Intl.
KWI,OKBK,Kuwait,Kuwait,Intl.
KWJ,RKJJ,Gwangju {Kwangju},South Korea,
KWL,ZGKL,Guilin,China,Liangjiang Intl.
LAD,FNLU,Luanda,Angola,Quatro de Fevereiro
LAN,KLAN,Lansing MI,USA,Capital Regional Intl.
LAO,RPLI,Laoag,Philippines,Intl.
LAP,MMLP,La Paz BCS,Mexico,Gen. Manuel Marquez de Leon Intl.
LAS,KLAS,Las Vegas NV,USA,McCarran Intl.
LAX,KLAX,Los Angeles CA,USA,Intl.
LBA,EGNM,Leeds/Bradford ENG,United Kingdom,Intl.
LBB,KLBB,Lubbock TX,USA,Preston Smith Intl./Regional
LBC,EDHL,Lubeck {Luebeck},Germany,Blankensee
LBG,LFPB,Paris,France,Le Bourget
LBV,FOOL,Libreville,Gabon,Leon M’Ba
LCA,LCLK,Larnaca,Cyprus,Intl.
LCG,LECO,A Coruna {La Coruna},Spain,A Coruna/Alvedro
LCJ,EPLL,Lodz,Poland,Wladyslaw Reymont/Lublinek
LCY,EGLC,London ENG,United Kingdom,City
LDE,LFBT,Lourdes,France,Tarbes – Lourdes – Pyrenees
LDY,EGAE,Derry NIR,United Kingdom,City of Derry Airport
LED,ULLI,St. Petersburg,Russia,Pulkovo
LEH,LFOH,Le Havre,France,Octeville
LEI,LEAM,Almeria,Spain,Intl.
LEJ,EDDP,Leipzig/Halle,Germany,
LET,SKLT,Leticia,Colombia,Alfredo Vasquez Cobo Intl.
LEX,KLEX,Lexington KY,USA,Blue Grass
LFW,DXXX,Lome,Togo,Tokoin
LGA,KLGA,New York NY,USA,La Guardia
LGB,KLGB,Long Beach CA,USA,Long Beach/Daugherty Field
LGG,EBLG,Liege,Belgium,Bierset
LGW,EGKK,London ENG,United Kingdom,Gatwick
LHE,OPLA,Lahore,Pakistan,Allama Iqbal Intl.
LHR,EGLL,London ENG,United Kingdom,Heathrow
LIH,PHLI,Lihue {Kauai} HI,USA,
LIL,LFQQ,Lille,France,Lesquin Intl.
LIM,SPIM,Lima,Peru,Jorge Chavez Intl.
LIN,LIML,Milan {Milano},Italy,Linate
LIR,MRLB,Liberia,Costa Rica,Daniel Oduber Quiros Intl.
LIS,LPPT,Lisbon {Lisboa},Portugal,Portela
LIT,KLIT,Little Rock AR,USA,Bill and Hillary Clinton National Airport/Adams Field
LJU,LJLJ,Ljubljana,Slovenia,Joze Pucnik/Brnik
LKO,VILK,Lucknow UP,India,Chaudhary Charan Singh/Amausi
LLA,ESPA,Lulea,Sweden,
LLW,FWKI,Lilongwe,Malawi,Intl./Kamazu Intl.
LMM,MMLM,Los Mochis SIN,Mexico,Federal del Valle del Fuerte Intl.
LNK,KLNK,Lincoln NE,USA,Municipal
LNZ,LOWL,Linz,Austria,Blue Danube/Horsching {Hoersching}
LON,****,London ENG,United Kingdom,All Airports
LOS,DNMM,Ikeja/Lagos,Nigeria,Murtala Muhammed Intl.
LPA,GCLP,Las Palmas,Spain,Gran Canaria Intl./Gando
LPB,SLLP,La Paz,Bolivia,El Alto
LPL,EGGP,Liverpool ENG,United Kingdom,John Lennon
LRD,KLRD,Laredo TX,USA,Intl.
LRM,MDLR,La Romana,Dominican Rep.,Intl.
LSC,SCSE,La Serena,Chile,La Florida
LTN,EGGW,London ENG,United Kingdom,Luton
LUG,LSZA,Lugano,Switzerland,Agno
LUN,FLLS,Lusaka,Zambia,Intl.
LUX,ELLX,Luxembourg,Luxembourg,Findel
LWN,UDSG,Gyumri,Armenia,Shirak
LWO,UKLL,Lviv {Lvov},Ukraine,Danylo Halytskyi Intl.
LWR,EHLW,Leeuwarden,Netherlands,
LXR,HELX,Luxor,Egypt,Intl.
LYR,ENSB,Longyearbyen,Norway,Svalbard
LYS,LFLL,Lyons {Lyon},France,Saint-Exupery/Satolas
MAA,VOMM,Chennai {Madras} TN,India,Intl./Meenambarkkam
MAD,LEMD,Madrid,Spain,Barajas
MAF,KMAF,Midland TX,USA,Intl.
MAH,LEMH,Menorca,Spain,Mahon
MAJ,PKMJ,Majuro,Marshall Islands,Amata Kabua Intl.
MAN,EGCC,Manchester ENG,United Kingdom,
MAO,SBEG,Manaus AM,Brazil,Eduardo Gomes Intl.
MAR,SVMC,Maracaibo,Venezuela,La Chinita Intl.
MBA,HKMO,Mombasa,Kenya,Moi Intl.
MBJ,MKJS,Montego Bay,Jamaica,Donald Sangster Intl.
MBS,KMBS,Midland/Bay City/Saginaw MI,USA,MBS Intl./Tri-City
MCI,KMCI,Kansas City MO,USA,Intl./Mid-Continent
MCO,KMCO,Orlando FL,USA,Intl./McCoy
MCP,SBMQ,Macapa AP,Brazil,Intl.
MCT,OOMS,Muscat,Oman,Intl./Seeb Intl.
MCZ,SBMO,Maceio AL,Brazil,Zumbi dos Palmares Intl.
MDE,SKRG,Medellin/Rio Negro,Colombia,Jose Maria Cordova Intl.
MDL,VYMD,Mandalay,Myanmar,Intl.
MDT,KMDT,Harrisburg PA,USA,Intl.
MDW,KMDW,Chicago IL,USA,Midway Intl.
MDZ,SAME,Mendoza,Argentina,Governor Francisco Gabrielli Intl./El Plumerillo
MED,OEMA,Medina {Madinah},Saudi Arabia,Prince Mohammed Bin Abdulaziz
MEL,YMML,Melbourne VIC,Australia,Melbourne/Tullamarine
MEM,KMEM,Memphis TN,USA,Intl.
MES,WIMM,Medan,Indonesia,Polonia Intl.
MEX,MMMX,Mexico City DIF,Mexico,Lic. Benito Juarez Intl.
MFE,KMFE,McAllen TX,USA,McAllen-Miller Intl.
MFM,VMMC,Macau {Macao},Macau,Intl.
MGA,MNMG,Managua,Nicaragua,Augusto C. Sandino Intl.
MGL,EDLN,Dusseldorf/Monchengladbach {Duesseldorf/Moenchengladbach},Germany,
MGM,KMGM,Montgomery AL,USA,Regional/Dannelly Field
MGQ,HCMM,Mogadishu,Somalia,Aden Adde Intl./intl.
MHD,OIMM,Mashhad,Iran,Shahid Hashemi Nejad Intl.
MHH,MYAM,Marsh Harbour,Bahamas,Abaco Island
MHP,UMMM,Minsk,Belarus,Minsk-1 Domestic
MHT,KMHT,Manchester NH,USA,Manchester-Boston Regional
MIA,KMIA,Miami FL,USA,Intl.
MID,MMMD,Merida YUC,Mexico,Manuel Crescencio Rejon Intl.
MIL,****,Milan {Milano},Italy,All Airports
MIR,DTMB,Monastir,Tunisia,Habib Bourguiba Intl.
MJN,FMNM,Mahajanga {Majunga},Madagascar,Philibert Tsiranana/Amborovy
MJV,LELC,Murcia,Spain,San Javier
MKE,KMKE,Milwaukee WI,USA,Gen. Mitchell Intl.
MLA,LMML,Malta,Malta,Intl./Luqa
MLB,KMLB,Melbourne FL,USA,Intl.
MLE,VRMM,Male,Maldives,Intl.
MLH,LFSB,Basel/Mulhouse/Freiburg,France/Switzerland,EuroAirport – French Code
MLI,KMLI,Moline IL,USA,Quad-City Intl.
MLM,MMMM,Morelia MIC,Mexico,Gen. Francisco J. Mujica Intl.
MLU,KMLU,Monroe LA,USA,Regional
MLW,GLMR,Monrovia,Liberia,Spriggs Payne
MMA,****,Malmo {Malmoe},Sweden,All Airports
MME,EGNV,Darlington ENG,United Kingdom,Durham Tees Valley Airport/Teesside
MMK,ULMM,Murmansk,Russia,
MMX,ESMS,Malmo {Malmoe},Sweden,Sturup
MNI,TRPG,Montserrat,Montserrat,John A. Osborne’s/Gerald’s
MNL,RPLL,Manila,Philippines,Ninoy Aquino Intl.
MOB,KMOB,Mobile AL,USA,Regional
MOW,****,Moscow,Russia,All Airports
MPL,LFMT,Montpellier,France,Mediterrannee/Frejorgues
MPM,FQMA,Maputo,Mozambique,Intl.
MPN,EGYP,Stanley,Falkland Islands,Mount Pleasant Airport/RAF Mount Pleasant
MPV,KMPV,Barre/Montpelier VT,USA,Edward F. Knapp State
MQP,FAKN,Nelspruit,South Africa,Kruger Mpumalanga Intl.
MRS,LFML,Marseilles {Marseille},France,Provence/Marignane
MRU,FIMP,Plaisance,Mauritius,Sir Seewoosagur Ramgoolam Intl.
MRV,URMM,Mineralnye Vody,Russia,
MRY,KMRY,Monterey CA,USA,Regional/Peninsula
MSN,KMSN,Madison WI,USA,Dane County Regional/Truax Field
MSP,KMSP,Minneapolis/St. Paul MN,USA,Intl./Wold-Chamberlain
MSQ,UMMS,Minsk,Belarus,Minsk-2 Intl.
MST,EHBK,Maastricht/Aachen,Netherlands,Maastricht Aachen/Beek
MSU,FXMM,Maseru,Lesotho,Moshoeshoe Intl.
MSY,KMSY,New Orleans LA,USA,Louis Armstrong Intl.
MTS,FDMS,Manzini,Swaziland,Matsapha Intl.
MTY,MMMY,Monterrey NLE,Mexico,Gen. Mariano Escobedo Intl.
MUC,EDDM,Munich {Muenchen},Germany,Franz Josef Strauss Intl.
MVB,FOON,Franceville,Gabon,M’Vengue
MVD,SUMU,Montevideo,Uruguay,Carrasco – Gen. Cesareo L. Berisso Intl.
MWX,RKJB,Gwangju {Kwangju}/Mokpo,South Korea,Muan Intl.
MXP,LIMC,Milan {Milano},Italy,Malpensa
MYJ,RJOM,Matsuyama SK,Japan,
MYR,KMYR,Myrtle Beach SC,USA,Intl.
MYY,WBGR,Miri,Malaysia,
MZT,MMMZ,Mazatlan SIN,Mexico,Gen. Rafael Buelna Intl.
NAG,VANP,Nagpur MH,India,Dr. Babasaheb Ambedkar Intl./Sonegaon
NAN,NFFN,Nadi {Nandi},Fiji,Intl.
NAP,LIRN,Naples {Napoli},Italy,Capodichino
NAS,MYNN,Nassau,Bahamas,Lynden Pindling Intl.
NAT,SBNT,Natal RN,Brazil,Augusto Severo Intl.
NAY,ZBNY,Beijing {Peking},China,Nanyuan Domestic
NBO,HKJK,Nairobi,Kenya,Jomo Kenyatta Intl.
NCE,LFMN,Nice,France,Cote d’Azur
NCL,EGNT,Newcastle upon Tyne ENG,United Kingdom,Newcastle/Woolsington
NDB,GQPP,Nouadhibou,Mauritania,Intl.
NDJ,FTTJ,N’Djamena,Chad,Intl.
NGO,RJGG,Nagoya CHB,Japan,Chubu Centrair Intl./Central Japan Intl.
NGS,RJFU,Nagasaki KYS,Japan,
NIM,DRRN,Niamey,Niger,Diori Hamani Intl.
NKC,GQNN,Nouakchott,Mauritania,Intl.
NKG,ZSNJ,Nanjing,China,Lukou Intl.
NKM,RJNA,Nagoya CHB,Japan,Komaki
NLK,YSNF,Norfolk Island,Norfolk Island,
NNG,ZGNN,Nanning,China,Wuxu Intl.
NOC,EIKN,Knock,Ireland,Ireland West/Intl.
NOS,FMNN,Nosy Be,Madagascar,Fascene
NOU,NWWW,Noumea,New Caledonia,La Tontouta Intl.
NOV,FNHU,Huambo,Angola,Albano Machado/Nova Lisboa
NRK,ESSP,Norrkoping,Sweden,Kungsangen
NRN,EDLV,Weeze,Germany,Weeze/Niederrhein
NRT,RJAA,Tokyo KT,Japan,Narita Intl./New Tokyo Intl.
NSK,UOOO,Norilsk,Russia,Alykel
NTE,LFRS,Nantes,France,Atlantique/Chateau Bourgon
NUE,EDDN,Nuremberg {Nuernberg},Germany,
NVT,SBNF,Navegantes SC,Brazil,Ministro Victor Konder Intl.
NYC,****,New York NY,USA,All Airports
NYO,ESKN,Nykoping/Stockholm,Sweden,Skavsta
OAK,KOAK,Oakland CA,USA,Metropolitan Oakland Intl.
OAX,MMOX,Oaxaca OAX,Mexico,Xoxocotlan Intl.
OBO,RJCB,Obihiro HK,Japan,Tokachi-Obihiro
ODE,EKOD,Odense,Denmark,Beldringe
ODS,UKOO,Odessa,Ukraine,Intl.
OFK,KOFK,Norfolk NE,USA,Karl Stefan Memorial
OGG,PHOG,Kahului {Maui} HI,USA,
OIT,RJFO,Oita KYS,Japan,
OKA,ROAH,Naha/Okinawa KYS,Japan,
OKC,KOKC,Oklahoma City OK,USA,Will Rogers World
OKD,RJCO,Sapporo HK,Japan,Okadama
OLB,LIEO,Olbia,Italy,Coasta Smeralda
OMA,KOMA,Omaha NE,USA,Eppley Airfield
ONT,KONT,Ontario CA,USA,Intl.
OOL,YBCG,Coolangatta QLD,Australia,Gold Coast
OPO,LPPR,Porto {Oporto},Portugal,Francisco Sa Carneiro
ORB,ESOE,Orebro,Sweden,
ORD,KORD,Chicago IL,USA,O’Hare Intl.
ORF,KORF,Norfolk VA,USA,Intl.
ORH,KORH,Worcester MA,USA,Regional
ORK,EICK,Cork,Ireland,
ORN,DAOO,Oran,Algeria,Es Senia
ORY,LFPO,Paris,France,Orly Intl.
OSA,****,Osaka,Japan,All Airports
OSL,ENGM,Oslo,Norway,Gardermoen
OST,EBOS,Ostend/Bruges,Belgium,Intl.
OTP,LROP,Bucharest,Romania,Henri Coanda Intl./Otopeni
OUA,DFFD,Ouagadougou,Burkina Faso,
OUD,GMFO,Oudja,Morocco,Les Angades
OUL,EFOU,Oulu,Finland,
OVB,UNNT,Novosibirsk,Russia,Tolmachevo
OVD,LEAS,Oviedo,Spain,Asturias
OXB,GGOV,Bissau,Guinea-Bissau,Osvaldo Vieira
PAP,MTPP,Port au Prince,Haiti,Toussaint Louverture Intl.
PAR,****,Paris,France,All Airports
PAT,VEPT,Patna BR,India,Lok Nayak Jayaprakash
PBC,MMPB,Puebla PUE,Mexico,Hermanos Serdan Intl.
PBG,KPBG,Plattsburgh NY,USA,Intl.
PBH,VQPR,Paro/Thimphu,Bhutan,
PBI,KPBI,West Palm Beach FL,USA,Palm Beach Intl.
PBM,SMJP,Paramaribo,Suriname,Johan Adolf Pengel Intl./Zanderij Intl.
PDL,LPPD,Ponta Delgada,Portugal,Joao Paulo II
PDX,KPDX,Portland OR,USA,Intl.
PEI,SKPE,Pereira,Colombia,Matecana Intl.
PEK,ZBAA,Beijing {Peking},China,Capital Intl.
PEN,WMKP,Penang,Malaysia,Intl.
PER,YPPH,Perth WA,Australia,
PEW,OPPS,Peshawar,Pakistan,Bacha Khan Intl./Intl.
PFO,LCPH,Paphos,Cyprus,Intl.
PGF,LFMP,Perpignan,France,Rivesaltes
PHC,DNPO,Port Harcourt,Nigeria,Intl.
PHF,KPHF,Newport News VA,USA,Newport News/Williamsburg Intl.
PHL,KPHL,Philadelphia PA,USA,Intl.
PHX,KPHX,Phoenix AZ,USA,Sky Harbor Intl.
PIA,KPIA,Peoria IL,USA,Greater Peoria Regional
PIE,KPIE,St. Petersburg/Clearwater FL,USA,Intl.
PIK,EGPK,Prestwick/Glasgow SCT,United Kingdom,Glasgow-Prestwick
PIR,KPIR,Pierre SD,USA,Regional
PIT,KPIT,Pittsburgh PA,USA,Greater Pittsburgh Intl.
PKC,UHPP,Petropavlovsk-Kamchatsky,Russia,Yelizovo
PLS,MBPV,Providenciales,Turks and Caicos Islands,Intl.
PLZ,FAPE,Port Elizabeth,South Africa,
PMC,SCTE,Puerto Montt,Chile,El Tepual
PMI,LEPA,Palma de Mallorca,Spain,Son Sant Joan
PMO,LICJ,Palermo,Italy,Falcone-Borsellino/Punta Raisi
PMR,NZPM,Palmerston North,New Zealand,Intl.
PMW,SBPJ,Palmas TO,Brazil,Brigadeiro Lysias Rodrigues
PNA,LEPP,Pamplona,Spain,
PNH,VDPP,Phnom Penh,Cambodia,Intl/Pochentong
PNI,PTPN,Pohnpei {Ponape},Fed. States of Micronesia,
PNQ,VAPO,Pune {Poona} MH,India,Intl.
PNR,FCPP,Pointe Noire,Congo,
PNS,KPNS,Pensacola FL,USA,Intl.
PNY,VOPC,Puducherry {Pondicherry} PY,India,
POA,SBPA,Porto Alegre RS,Brazil,Salgado Filho Intl.
POM,AYPY,Port Moresby,Papua New Guinea,Jacksons Intl.
POP,MDPP,Puerto Plata,Dominican Rep.,La Union Intl.
POS,TTPP,Port of Spain/Trinidad Island,Trinidad and Tobago,Piarco Intl.
POZ,EPPO,Poznan,Poland,Lawica
PPG,NSTU,Tafuna/Pago Pago {Pango Pango},American Samoa,Intl.
PPS,RPVP,Puerto Princesa,Philippines,
PPT,NTAA,Papeete,French Polynesia,Faa’a Intl.
PRG,LKPR,Prague,Czech Rep.,Vaclav Havel/Ruzyne Intl.
PRN,BKPR,Pristina,Kosovo,Adem Jashari Intl.
PSA,LIRP,Pisa,Italy,Intl./San Giusto/Galileo Galilei
PSM,KPSM,Portsmouth NH,USA,Intl. at Pease/Pease Intl. Tradeport
PSP,KPSP,Palm Springs CA,USA,Intl.
PSR,LIBP,Pescara,Italy,Liberi
PTP,TFFR,Pointe-a-Pitre,Guadeloupe,Guadeloupe Pole Caraibes/Le Raizet
PTY,MPTO,Panama City,Panama,Tocumen Intl.
PUB,KPUB,Pueblo CO,USA,Pueblo Memorial
PUJ,MDPC,Higuey/Punta Cana,Dominican Rep.,Punta Cana Intl.
PUQ,SCCI,Punta Arenas,Chile,Carlos Ibanez Del Campo Intl.
PUS,RKPK,Busan {Pusan},South Korea,Gimhae Intl./Kimhae
PUY,LDPL,Pula,Croatia,
PVD,KPVD,Providence RI,USA,Theodore Francis Green Memorial State
PVG,ZSPD,Shanghai,China,Pudong Intl.
PVH,SBPV,Porto Velho RO,Brazil,Gov. Jorge Teixeira de Oliveira Intl./Belmont
PVR,MMPR,Puerto Vallarta JAL,Mexico,Lic. Gustavo Diaz Ordaz Intl.
PWM,KPWM,Portland ME,USA,Intl. Jetsport
PZU,HSSN,Port Sudan,Sudan,New Intl.
QRO,MMQT,Queretaro QRO,Mexico,Intl.
RAI,GVNP,Praia,Cape Verde,Intl.
RAK,GMMX,Marrakech,Morocco,Menara Intl.
RAP,KRAP,Rapid City SD,USA,Regional
RAR,NCRG,Rarotonga,Cook Islands,Intl.
RBA,GMME,Rabat,Morocco,Sale
RBR,SBRB,Rio Branco AC,Brazil,President Medici Intl.
RDU,KRDU,Raleigh/Durham NC,USA,Intl.
REC,SBRF,Recife PE,Brazil,Guarapes-Gilberto Freyre Intl.
REG,LICR,Reggio Calabria,Italy,Tito Minniti/Aeroporto dello Stretto
REK,****,Reykjavik,Iceland,All Airports
REP,VDSR,Siem Reap,Cambodia,Angkor Intl.
REU,LERS,Reus,Spain,
RGN,VYYY,Yangon {Rangoon},Myanmar,Intl.
RHO,LGRP,Rhodes {Rodos},Greece,Diagoras Intl/Paradisi
RIC,KRIC,Richmond VA,USA,Intl.
RIO,****,Rio de Janeiro RJ,Brazil,All Airports
RIX,EVRA,Riga,Latvia,Intl.
RKS,KRKS,Rock Springs WY,USA,Sweetwater County
RKT,OMRK,Ras Al Khaimah,United Arab Emirates,Intl.
RKV,BIRK,Reykjavik,Iceland,Domestic
RMQ,RCMQ,Taichung,Taiwan,Ching Chuan Kang
RNO,KRNO,Reno NV,USA,Reno-Tahoe Intl.
ROA,KROA,Roanoke VA,USA,Woodrum Field Regional
ROB,GLRB,Robertsfield/Monrovia,Liberia,Roberts Intl.
ROC,KROC,Rochester NY,USA,Greater Rochester Intl./Monroe County
ROM,****,Rome {Roma},Italy,All Airports
ROR,PTRO,Airai/Koror,Palau,Roman Tmetuchl Intl./Palau Intl./Babelthuap
ROS,SAAR,Rosario,Argentina,Islas Malvinas Intl.
ROV,URRR,Rostov-na-Donu {Rostov-on-Don},Russia,
RPR,VARP,Raipur CT,India,Mana
RST,KRST,Rochester MN,USA,Intl.
RSW,KRSW,Fort Myers FL,USA,Southwest Florida Intl.
RTM,EHRD,Rotterdam,Netherlands,Rotterdam The Hague/Zestienhoven
RUH,OERK,Riyadh,Saudi Arabia,King Khalid Intl.
RUN,FMEE,St. Denis,Reunion Island,Roland Garros/Gillot
RUT,KRUT,Rutland VT,USA,Rutland State
RVN,EFRO,Rovaniemi,Finland,
RYG,ENRY,Rygge/Oslo,Norway,Moss
RZE,EPRZ,Rzeszow,Poland,Jasionka
SAH,OYSN,Sanaa,Yemen,El Rahaba/Intl.
SAL,MSLP,San Salvador,El Salvador,Intl./Cuscatlan/Comalapa
SAN,KSAN,San Diego CA,USA,Intl./Lindbergh
SAO,****,Sao Paulo SP,Brazil,All Airports
SAP,MHLM,San Pedro Sula,Honduras,La Mesa Intl.
SAT,KSAT,San Antonio TX,USA,Intl.
SAV,KSAV,Savannah/Hilton Head GA,USA,Intl.
SAW,LTFJ,Istanbul,Turkey,Sabiha Gokcen Intl.
SBN,KSBN,South Bend IN,USA,Regional/Michiana Regional Transport Center
SCL,SCEL,Santiago,Chile,Comodoro Arturo Merino Benitez Intl./Pudahuel
SCQ,LEST,Santiago de Compostela,Spain,
SCU,MUCU,Santiago de Cuba,Cuba,Antonio Maceo Intl.
SDF,KSDF,Louisville KY,USA,Intl./Standiford Field
SDJ,RJSS,Sendai TK,Japan,
SDQ,MDSD,Santo Domingo,Dominican Rep.,Las Americas Intl.
SDR,LEXJ,Santander,Spain,Parayas
SDU,SBRJ,Rio de Janeiro RJ,Brazil,Santos Dumont
SDV,LLSD,Tel Aviv,Israel,Sze Dov/Dov Hoz
SEA,KSEA,Seattle/Tacoma WA,USA,Sea-Tac Intl.
SEN,EGMC,Southend ENG,United Kingdom,London Southend/Rochford
SEZ,FSIA,Mahe,Seychelles,Seychelles Intl.
SFA,DTTX,Sfax,Tunisia,Thyna/El Maou
SFB,KSFB,Sanford/Orlando FL,USA,Orlando Sanford Intl./Central Florida
SFJ,BGSF,Kangerlussuaq,Greenland,Sondrestrom Air Base
SFO,KSFO,San Francisco CA,USA,Intl.
SFS,RPLB,Subic Bay,Philippines,Intl.
SGD,EKSB,Sonderborg,Denmark,
SGF,KSGF,Springfield MO,USA,Springfield-Branson National
SGN,VVTS,Ho Chi Minh City {Saigon},Vietnam,Tan Son Nhat Intl.
SHA,ZSSS,Shanghai,China,Hongqiao Intl.
SHE,ZYTX,Shenyang,China,Taoxian Intl.
SHJ,OMSJ,Sharjah,United Arab Emirates,Intl.
SHL,VEBI,Shillong ML,India,Shillong/Umroi
SHV,KSHV,Shreveport LA,USA,Regional
SID,GVAC,Sal,Cape Verde,Amilcar Cabral Intl.
SIN,WSSS,Singapore,Singapore,Changi Intl.
SJC,KSJC,San Jose CA,USA,Intl.
SJD,MMSD,San Jose del Cabo/Cabo San Lucas BCS,Mexico,Los Cabos Intl.
SJJ,LQSA,Sarajevo,Bosnia-Herzegovina,Intl.
SJO,MROC,San Jose,Costa Rica,Juan Santamaria Intl.
SJU,TJSJ,San Juan,Puerto Rico,Luis Munoz Marin Intl.
SKB,TKPK,St. Kitts,St. Kitts and Nevis,Robert L. Bradshaw Intl.
SKG,LGTS,Thessaloniki,Greece,Makedonia
SKP,LWSK,Skopje,Macedonia,Alexander The Great
SLA,SASA,Salta,Argentina,Martin Miguel de Guemes Intl./El Aybal
SLC,KSLC,Salt Lake City UT,USA,Intl.
SLE,KSLE,Salem OR,USA,McNary Field
SLP,MMSP,San Luis Potosi SLP,Mexico,Ponciano Arriaga Intl.
SLU,TLPC,Castries,St. Lucia,George F. L. Charles/Vigie
SLV,VISM,Shimla HP,India,
SLW,MMIO,Saltillo COA,Mexico,Plan de Guadalupe Intl.
SLZ,SBSL,Sao Luis MA,Brazil,Marechal Cunha Machado Intl.
SMA,LPAZ,Santa Maria,Portugal,
SMF,KSMF,Sacramento CA,USA,Intl.
SMR,SKSM,Santa Marta,Colombia,Simon Bolivar Intl.
SNA,KSNA,Santa Ana CA,USA,John Wayne/Orange County
SNN,EINN,Shannon,Ireland,Intl.
SOF,LBSF,Sofia,Bulgaria,Intl.
SOU,EGHI,Southampton ENG,United Kingdom,Southampton/Eastleigh
SPC,GCLA,Santa Cruz de la Palma,Spain,
SPN,PGSN,Saipan,Northern Mariana Islands,Francisco C. Ada Intl.
SPU,LDSP,Split,Croatia,
SRP,ENSO,Stord,Norway,Sorstokken
SRQ,KSRQ,Saratosa/Bradenton FL,USA,Intl.
SSA,SBSV,Salvador BA,Brazil,Dep. Luis Eduardo Magalhaes Intl./Dois de Julho
SSG,FGSL,Malabo,Equatorial Guinea,Intl./Santa Isabel
SSH,HESH,Sharm el-Sheikh,Egypt,Intl./Ophira Intl.
STI,MDST,Santiago de los Caballeros,Dominican Rep.,Cibao Intl.
STL,KSTL,St. Louis MO,USA,Lambert Intl.
STN,EGSS,London ENG,United Kingdom,Stansted
STO,****,Stockholm,Sweden,All Airports
STR,EDDS,Stuttgart,Germany,Stuttgart/Echterdingen
STT,TIST,St. Thomas,Virgin Islands – USA,Cyril E. King
STX,TISX,St. Croix,Virgin Islands – USA,Henry E. Rohlsen/Alexander Hamilton
SUB,WARR,Surabaya,Indonesia,Juanda Intl.
SUF,LICA,Lamezia Terme,Italy,Intl./St Eufemia
SUV,NFNA,Suva,Fiji,Nausori Intl.
SUX,KSUX,Sioux City IA,USA,Sioux Gateway Airport/Col. Bud Day Field
SVD,TVSV,St. Vincent,St. Vincent and the Grenadines,E.T. Joshua
SVG,ENZV,Stavanger,Norway,Sola
SVO,UUEE,Moscow,Russia,Sheremetyevo Intl.
SVQ,LEZL,Seville {Sevilla},Spain,San Pablo
SVX,USSS,Yekaterinburg,Russia,Koltsovo Intl.
SWF,KSWF,Newburg NY,USA,Stewart Intl.
SXB,LFST,Strasbourg,France,Intl./Entzheim
SXF,EDDB,Berlin,Germany,Schonefeld {Schoenefeld}
SXM,TNCM,St. Maarten,Sint Maarten,Princess Juliana Intl.
SXR,VISR,Srinagar JK,India,
SYD,YSSY,Sydney NSW,Australia,Kingsford Smith Intl.
SYR,KSYR,Syracuse NY,USA,Hancock Intl.
SYX,ZJSY,Sanya,China,Phoenix Intl.
SYZ,OISS,Shiraz,Iran,Shahid Dastghaib Intl.
SZB,WMSA,Kuala Lumpur,Malaysia,Sultan Abdul Aziz Shah/Subang
SZG,LOWS,Salzburg,Austria,Wolfgang Amadeus Mozart
SZX,ZGSZ,Shenzhen,China,Bao’an Intl./Huangtian
SZZ,EPSC,Szczecin,Poland,Goleniow Solidarnosc/Goleniow
TAB,TTCP,Scarborough/Tobago Island,Trinidad and Tobago,Crown Point
TAE,RKTN,Daegu {Taegu},South Korea,Intl.
TAK,RJOT,Takamatsu SK,Japan,
TAM,MMTM,Tampico TAM,Mexico,Gen. Francisco Javier Mina Intl.
TAO,ZSQD,Qingdao {Tsingtao},China,Liuting Intl.
TAP,MMTP,Tapachula CHP,Mexico,Intl.
TAS,UTTT,Tashkent,Uzbekistan,Intl.
TBS,UGTB,Tbilisi,Georgia,Tbilisi/Novo Alexeyevka
TBU,NFTF,Tongatapu,Tonga,Fua’amotu Intl.
TBZ,OITT,Tabriz,Iran,Intl.
TCI,****,Tenerife,Spain,All Airports
TCQ,SPTN,Tacna,Peru,Coronel Carlos Ciriani Santa Rosa Intl.
TFN,GCXO,Tenerife Norte,Spain,Los Rodeos
TFS,GCTS,Tenerife Sur,Spain,Reina Sofia
TGD,LYPG,Podgorica,Montenegro,
TGU,MHTG,Tegucigalpa,Honduras,Toncontin Intl.
THE,SBTE,Teresina PI,Brazil,Senador Petronio Portella
THR,OIII,Tehran,Iran,Mehrabad Intl.
TIA,LATI,Rinas/Tirana,Albania,Mother Teresa Intl. {Nene Tereza}
TIJ,MMTJ,Tijuana BCN,Mexico,Gen. Abelardo L. Rodriguez Intl.
TIP,HLLT,Tripoli,Libya,Intl.
TIV,LYTV,Tivat,Montenegro,
TKK,PTKK,Chuuk {Truk},Fed. States of Micronesia,Intl.
TKU,EFTU,Turku,Finland,
TLC,MMTO,Toluca MEX,Mexico,Lic. Adolfo Lopez Mateos Intl.
TLL,EETN,Tallinn,Estonia,Lennart Meri Intl./Ulemiste
TLS,LFBO,Toulouse,France,Blagnac Intl.
TLV,LLBG,Tel Aviv,Israel,Ben Gurion Intl./Lod
TMM,FMMT,Toamasina,Madagascar,Tamatave
TMP,EFTP,Tampere,Finland,Pirkkala
TMS,FPST,Sao Tome,Sao Tome and Principe,Intl.
TNA,ZSJN,Jinan,China,Yaoqiang Intl.
TNG,GMTT,Tangiers {Tanger},Morocco,Ibn Batouta Intl./Boukhalef
TNR,FMMI,Antananarivo {Tananarive},Madagascar,Ivato Intl.
TOL,KTOL,Toledo OH,USA,Toledo Express
TOM,GATB,Timbuktu {Tombouctou},Mali,
TOS,ENTC,Tromso,Norway,
TPA,KTPA,Tampa FL,USA,Intl.
TPE,RCTP,Taipei,Taiwan,Taiwan Taoyuan Intl./Chiang Kai Shek
TPQ,MMEP,Tepic NAY,Mexico,Amado Nervo National
TRC,MMTC,Torreon COA,Mexico,Francisco Sarabia Intl.
TRD,ENVA,Trondheim,Norway,Vaernes
TRF,ENTO,Torp/Oslo,Norway,Sandefjord
TRI,KTRI,Briston/Johnson/Kingsport TN,USA,Tri-Cities Regional
TRN,LIMF,Turin {Torino},Italy,Turin/Caselle
TRS,LIPQ,Trieste,Italy,Friuli Venezia Giulia/Ronchi Dei Legionari
TRU,SPRU,Trujillo,Peru,Cap. Carlos Martinez de Pinillos Intl.
TRV,VOTV,Triruvananthapuram {Trivandrum} KL,India,Trivandrum Intl.
TRW,NGTA,Tarawa,Kiribati,Bonriki Intl.
TRZ,VOTR,Tiruchirapalli TN,India,Trichy Intl.
TSA,RCSS,Taipei,Taiwan,Songshan {Sung Shan}
TSE,UACC,Astana,Kazakhstan,Intl.
TSN,ZBTJ,Tianjin,China,Binhai Intl.
TSR,LRTR,Timisoara,Romania,Traian Vuia Intl./Giarmata
TSV,YBTL,Townsville QLD,Australia,Intl.
TTN,KTTN,Trenton NJ,USA,Mercer County
TUL,KTUL,Tulsa OK,USA,Intl.
TUN,DTTA,Tunis,Tunisia,Carthage Intl.
TUS,KTUS,Tucson AZ,USA,Intl.
TXL,EDDT,Berlin,Germany,Tegel Otto Lilienthal
TYN,ZBYN,Taiyuan,China,Wusu Intl.
TYO,****,Tokyo,Japan,All Airports
TYS,KTYS,Knoxville TN,USA,McGhee Tyson
TZX,LTCG,Trabzon,Turkey,
UAK,BGBW,Narssarssuaq,Greenland,
UBJ,RJDC,Ube CK,Japan,Yamaguchi Ube
UET,OPQT,Quetta,Pakistan,Intl.
UIO,SEQM,Quito,Ecuador,Mariscal Sucre Intl.
UKB,RJBE,Kobe KS,Japan,
ULN,ZMUB,Ulaanbaatar {Ulan Bator},Mongolia,Chinggis Khaan Intl./Buyant-Ukhaa
UME,ESNU,Umea,Sweden,
URC,ZWWW,Urumqi,China,Diwopu Intl.
URT,VTSB,Surat Thani,Thailand,
USH,SAWH,Ushuaia,Argentina,Malvinas Argentinas Intl.
UTP,VTBU,Rayong,Thailand,U-Tapao Intl. {U-Taphao Intl.}
UVF,TLPL,Vieux-Fort,St. Lucia,Hewanorra Intl.
VAA,EFVA,Vaasa,Finland,
VAR,LBWN,Varna,Bulgaria,
VCA,VVCT,Can Tho,Vietnam,Intl./Tra Noc
VCE,LIPZ,Venice {Venezia},Italy,Marco Polo/Tessera
VCP,SBKP,Campinas/Sao Paulo SP,Brazil,Viracopos Intl.
VDA,LLOV,Uvda {Ovda}/Eilat {Elat},Israel,Intl.
VER,MMVR,Veracruz VER,Mexico,Gen. Heriberto Jara Intl.
VGO,LEVX,Vigo,Spain,Peinador
VIE,LOWW,Vienna {Wien},Austria,Intl./Schwechat
VIT,LEVT,Vitoria,Spain,
VIX,SBVT,Vitoria ES,Brazil,Eurico de Aguiar Salles
VKO,UUWW,Moscow,Russia,Vnukovo Intl.
VLI,NVVV,Port Vila,Vanuatu,Bauerfield Intl.
VLN,SVVA,Valencia,Venezuela,Arturo Michelena Intl./Zim Valencia Intl.
VNO,EYVI,Vilnius,Lithuania,Intl.
VNS,VIBN,Varanasi {Benares} UP,India,Lal Bahadur Shastri Intl./Babatpur
VRA,MUVR,Varadero,Cuba,Juan G. Gomez Intl.
VRN,LIPX,Verona,Italy,Villafranca/Valerio Catullo
VSA,MMVA,Villahermosa TAB,Mexico,Carlos Rovirosa Perez Intl.
VST,ESOW,Vasteras/Stockholm,Sweden,Hasslo
VTE,VLVT,Vientiane,Laos,Wattay Intl.
VTZ,VEVZ,Visakhapatnam {Vizag} AP,India,
VVI,SLVR,Santa Cruz de la Sierra,Bolivia,Viru Viru Intl.
VVO,UHWW,Vladivostok,Russia,Knevichi
WAW,EPWA,Warsaw {Warszawa},Poland,Chopin/Okecie
WAS,****,Washington DC,USA,All airports
WDH,FYWH,Windhoek,Namibia,Hosea Kutako Intl.
WKJ,RJCW,Wakkanai HK,Japan,
WLG,NZWN,Wellington,New Zealand,Intl.
WLS,NLWW,Hihifo/Wallis Island,Wallis and Futuna,
WMI,EPMO,Warsaw {Warszawa},Poland,Modlin Mazovia
WRO,EPWR,Wroclaw,Poland,Copernicus/Strachowice
WUH,ZHHH,Wuhan,China,Tianhe Intl.
XCH,YPXM,Flying Fish Cove {The Settlement},Christmas Island,Christmas Island
XFW,EDHI,Hamburg,Germany,Finkenwerder
XIY,ZLXY,Xian,China,Xianyang Intl.
XMN,ZSAM,Xiamen,China,Gaoqi Intl.
XRY,LEJR,Jerez de la Frontera,Spain,La Parra
XSP,WSSL,Singapore,Singapore,Seletar
YAM,CYAM,Sault Sainte Marie ON,Canada,
YAO,FKKY,Yaounde,Cameroon,
YAY,CYAY,St. Anthony NL,Canada,
YBC,CYBC,Baie-Comeau QC,Canada,
YBG,CYBG,Bagotville/Saguenay QC,Canada,
YCH,CYCH,Chatham/Miramichi NB,Canada,
YDF,CYDF,Deer Lake NL,Canada,Regional
YEA,****,Edmonton AB,Canada,All Airports
YEG,CYEG,Edmonton AB,Canada,Intl.
YEV,CYEV,Inuvik NT,Canada,Mike Zubko
YFB,CYFB,Iqaluit {Frobisher Bay} NU,Canada,
YFC,CYFC,Fredericton NB,Canada,Intl.
YGP,CYGP,Gaspe QC,Canada,Michel-Pouliot
YGR,CYGR,Iles-de-la-Madeleine {Grindstone Island} QC,Canada,
YGV,CYGV,Havre-Saint-Pierre QC,Canada,
YGW,CYGW,Kuujjuarapik {Poste-a-la-Baleine} QC,Canada,
YHD,CYHD,Dryden ON,Canada,Regional
YHM,CYHM,Hamilton ON,Canada,John C. Munro Intl.
YHZ,CYHZ,Halifax NS,Canada,Robert L. Stanfield Intl.
YIP,KYIP,Ypsilanti/Detroit MI,USA,Willow Run
YJT,CYJT,Stephenville NL,Canada,
YKF,CYKF,Kitchener/Waterloo ON,Canada,Region of Waterloo Intl.
YKS,UEEE,Yakutsk,Russia,
YLW,CYLW,Kelowna BC,Canada,Intl.
YMQ,****,Montreal QC,Canada,All Airports
YMX,CYMX,Montreal QC,Canada,Mirabel Intl.
YNY,RKNY,Yangyang,South Korea,Intl.
YOW,CYOW,Ottawa ON,Canada,Macdonald-Cartier Intl.
YQB,CYQB,Quebec QC,Canada,Jean Lesage Intl
YQG,CYQG,Windsor ON,Canada,
YQI,CYQI,Yarmouth NS,Canada,
YQM,CYQM,Moncton NB,Canada,Greater Moncton Intl.
YQQ,CYQQ,Comox BC,Canada,
YQR,CYQR,Regina SK,Canada,Intl.
YQT,CYQT,Thunder Bay ON,Canada,
YQX,CYQX,Gander NL,Canada,Intl.
YQY,CYQY,Sydney NS,Canada,J.A. Douglas McCurdy
YSJ,CYSJ,Saint John NB,Canada,
YTO,****,Toronto ON,Canada,All Airports
YTS,CYTS,Timmins ON,Canada,Victor M. Power
YTZ,CYTZ,Toronto ON,Canada,Billy Bishop/City Centre/Island
YUL,CYUL,Montreal QC,Canada,Pierre Elliott Trudeau Intl./Dorval
YUM,KNYL,Yuma AZ,USA,Intl.
YVO,CYVO,Val d’Or QC,Canada,
YVP,CYVP,Kuujjuaq {Fort Chimo} QC,Canada,
YVR,CYVR,Vancouver BC,Canada,Intl.
YWG,CYWG,Winnipeg MB,Canada,James Armstrong Richardson Intl.
YXE,CYXE,Saskatoon SK,Canada,John G. Diefenbaker Intl.
YXS,CYXS,Prince George BC,Canada,
YXU,CYXU,London ON,Canada,Intl.
YXX,CYXX,Abbotsford BC,Canada,Intl.
YXY,CYXY,Whitehorse YT,Canada,Erik Nielsen Intl./Intl.
YYC,CYYC,Calgary AB,Canada,Intl.
YYG,CYYG,Charlottetown PE,Canada,
YYJ,CYYJ,Victoria BC,Canada,Intl.
YYQ,CYYQ,Churchill MB,Canada,
YYR,CYYR,Happy Valley-Goose Bay NL,Canada,Goose Airport
YYT,CYYT,St. John’s NL,Canada,Intl.
YYZ,CYYZ,Toronto ON,Canada,Lester B. Pearson Intl.
YZF,CYZF,Yellowknife NT,Canada,
YZV,CYZV,Sept-Iles QC,Canada,
ZAG,LDZA,Zagreb,Croatia,Pleso
ZAM,RPMZ,Zamboanga,Philippines,Intl.
ZCL,MMZC,Zacatecas ZAC,Mexico,Gen. Leobardo C. Ruiz Intl.
ZCO,SCTC,Temuco,Chile,Maquehue
ZIH,MMZH,Ixtapa/Zihuatanejo GRO,Mexico,Intl.
ZLO,MMZO,Manzanillo COL,Mexico,Playa De Oro Intl.
ZNZ,HTZA,Zanzibar City,Tanzania,Zanzibar Intl.
ZOS,SCJO,Osorno,Chile,Canal Bajo Carlos Hott Siebert
ZRH,LSZH,Zurich {Zuerich},Switzerland,Kloten
ZTH,LGZA,Zakynthos,Greece,Dionysios Solomos Intl.
